{
  "name": "DS_Bronze_ERP_InventorySnapshot",
  "properties": {
    "linkedServiceName": {
      "referenceName": "LS_ADLS_GoldSilverBronze",
      "type": "LinkedServiceReference"
    },
    "type": "DelimitedText",
    "typeProperties": {
      "location": {
        "type": "AzureBlobFSLocation",
        "fileSystem": "datalake",
        "folderPath": "bronze/erp/inventory_snapshot",
        "fileName": "@{concat(formatDateTime(utcnow(),'yyyy/MM/dd'),'/inventory_snapshot.csv')}"
      },
      "columnDelimiter": ",",
      "firstRowAsHeader": true
    },
    "schema": []
  }
}