{
  "name": "DS_ERP_InventorySnapshot_CSV",
  "properties": {
    "linkedServiceName": {
      "referenceName": "LS_ADLS_GoldSilverBronze",
      "type": "LinkedServiceReference"
    },
    "type": "DelimitedText",
    "typeProperties": {
      "location": {
        "type": "AzureBlobFSLocation",
        "fileSystem": "datalake",
        "folderPath": "landing/erp",
        "fileName": "inventory_snapshot.csv"
      },
      "columnDelimiter": ",",
      "firstRowAsHeader": true
    },
    "schema": []
  }
}